../data/data_static_indoor_1_r_m.mat,741,4,33249 / 33251 = 0.9999398514,18973 / 33251 = 0.5705993805,18900 / 33251 = 0.5684039578,740 / 741 = 0.9986504723,1 / 741 = 0.0013495277,3 / 741 = 0.004048583
../data/data_static_indoor_1_r_m.mat,741,5,34755 / 34755 = 1.0,19758 / 34755 = 0.5684937419,19753 / 34755 = 0.5683498777,741 / 741 = 1.0,1 / 741 = 0.0013495277,0 / 741 = 0.0
../data/data_static_indoor_1_r_m.mat,741,6,37166 / 37176 = 0.9997310093,20724 / 37176 = 0.5574564235,20889 / 37176 = 0.5618947708,737 / 741 = 0.9946018893,1 / 741 = 0.0013495277,1 / 741 = 0.0013495277
../data/data_static_indoor_1_r_m.mat,741,7,34205 / 34240 = 0.9989778037,19438 / 34240 = 0.5676985981,19583 / 34240 = 0.5719334112,735 / 741 = 0.991902834,1 / 741 = 0.0013495277,1 / 741 = 0.0013495277
../data/data_static_indoor_1_r_m.mat,741,8,19682 / 19684 = 0.9998983946,10532 / 19684 = 0.5350538508,10536 / 19684 = 0.5352570616,740 / 741 = 0.9986504723,1 / 741 = 0.0013495277,5 / 741 = 0.0067476383
../data/data_static_indoor_1_r_m.mat,741,9,18990 / 18992 = 0.9998946925,10194 / 18992 = 0.5367523168,10307 / 18992 = 0.5427021904,740 / 741 = 0.9986504723,4 / 741 = 0.0053981107,3 / 741 = 0.004048583
../data/data_static_indoor_1_r_m.mat,741,10,16565 / 16567 = 0.9998792781,9222 / 16567 = 0.5566487596,9180 / 16567 = 0.5541135993,740 / 741 = 0.9986504723,18 / 741 = 0.024291498,19 / 741 = 0.0256410256
../data/data_static_indoor_1_r_m.mat,741,11,20120 / 20131 = 0.9994535791,10772 / 20131 = 0.5350951269,10678 / 20131 = 0.5304257116,740 / 741 = 0.9986504723,2 / 741 = 0.0026990553,3 / 741 = 0.004048583
../data/data_static_indoor_1_r_m.mat,741,12,16895 / 16899 = 0.9997632996,9314 / 16899 = 0.5511568732,9540 / 16899 = 0.5645304456,740 / 741 = 0.9986504723,10 / 741 = 0.0134952767,19 / 741 = 0.0256410256
../data/data_static_indoor_1_r_m.mat,741,13,20053 / 20069 = 0.9992027505,10696 / 20069 = 0.5329612836,10695 / 20069 = 0.5329114555,736 / 741 = 0.9932523617,4 / 741 = 0.0053981107,1 / 741 = 0.0013495277
../data/data_static_indoor_1_r_m.mat,741,14,20452 / 20476 = 0.9988278961,10849 / 20476 = 0.5298398125,11035 / 20476 = 0.5389236179,735 / 741 = 0.991902834,4 / 741 = 0.0053981107,2 / 741 = 0.0026990553
../data/data_static_indoor_1_r_m.mat,741,15,6787 / 6791 = 0.9994109851,3555 / 6791 = 0.523486968,3580 / 6791 = 0.527168311,739 / 741 = 0.9973009447,65 / 741 = 0.0877192982,64 / 741 = 0.0863697706
,,,,,,,,
,,,,,,,,
../data/data_static_indoor_1_r_m.mat,741,4,32762 / 32768 = 0.9998168945,18707 / 32768 = 0.570892334,18720 / 32768 = 0.5712890625,738 / 741 = 0.995951417,2 / 741 = 0.0026990553,2 / 741 = 0.0026990553
../data/data_static_indoor_1_r_m.mat,741,5,34846 / 34873 = 0.9992257621,19781 / 34873 = 0.5672296619,19642 / 34873 = 0.5632437703,738 / 741 = 0.995951417,1 / 741 = 0.0013495277,1 / 741 = 0.0013495277
../data/data_static_indoor_1_r_m.mat,741,6,37002 / 37002 = 1.0,20719 / 37002 = 0.5599427058,20733 / 37002 = 0.5603210637,741 / 741 = 1.0,0 / 741 = 0.0,0 / 741 = 0.0
../data/data_static_indoor_1_r_m.mat,741,7,33695 / 33703 = 0.9997626324,19279 / 33703 = 0.5720262291,19216 / 33703 = 0.5701569593,738 / 741 = 0.995951417,1 / 741 = 0.0013495277,1 / 741 = 0.0013495277
../data/data_static_indoor_1_r_m.mat,741,8,19601 / 19607 = 0.9996939868,10326 / 19607 = 0.5266486459,10442 / 19607 = 0.5325649003,738 / 741 = 0.995951417,6 / 741 = 0.008097166,3 / 741 = 0.004048583
../data/data_static_indoor_1_r_m.mat,741,9,18782 / 18790 = 0.9995742416,10196 / 18790 = 0.542629058,10255 / 18790 = 0.5457690261,738 / 741 = 0.995951417,3 / 741 = 0.004048583,6 / 741 = 0.008097166
../data/data_static_indoor_1_r_m.mat,741,10,16494 / 16505 = 0.9993335353,9225 / 16505 = 0.5589215389,9097 / 16505 = 0.5511663132,738 / 741 = 0.995951417,12 / 741 = 0.016194332,16 / 741 = 0.0215924426
../data/data_static_indoor_1_r_m.mat,741,11,20011 / 20015 = 0.9998001499,10580 / 20015 = 0.5286035473,10574 / 20015 = 0.5283037722,739 / 741 = 0.9973009447,2 / 741 = 0.0026990553,4 / 741 = 0.0053981107
../data/data_static_indoor_1_r_m.mat,741,12,16937 / 16941 = 0.9997638864,9445 / 16941 = 0.5575231686,9461 / 16941 = 0.5584676229,740 / 741 = 0.9986504723,14 / 741 = 0.0188933873,19 / 741 = 0.0256410256
../data/data_static_indoor_1_r_m.mat,741,13,19879 / 19883 = 0.9997988231,10701 / 19883 = 0.538198461,10670 / 19883 = 0.5366393401,740 / 741 = 0.9986504723,8 / 741 = 0.0107962213,2 / 741 = 0.0026990553
../data/data_static_indoor_1_r_m.mat,741,14,20349 / 20363 = 0.9993124785,10836 / 20363 = 0.5321416294,10715 / 20363 = 0.5261994794,736 / 741 = 0.9932523617,2 / 741 = 0.0026990553,2 / 741 = 0.0026990553
../data/data_static_indoor_1_r_m.mat,741,15,6789 / 6791 = 0.9997054926,3579 / 6791 = 0.5270210573,3511 / 6791 = 0.5170078044,740 / 741 = 0.9986504723,62 / 741 = 0.0836707152,63 / 741 = 0.0850202429
,,,,,,,,
../data/data_static_indoor_1_r_m.mat,741,4,33471 / 33477 = 0.9998207725,19322 / 33477 = 0.577172387,19104 / 33477 = 0.5706604534,738 / 741 = 0.995951417,0 / 741 = 0.0,1 / 741 = 0.0013495277
../data/data_static_indoor_1_r_m.mat,741,5,35016 / 35018 = 0.9999428865,19855 / 35018 = 0.5669941173,19999 / 35018 = 0.5711062882,740 / 741 = 0.9986504723,1 / 741 = 0.0013495277,2 / 741 = 0.0026990553
../data/data_static_indoor_1_r_m.mat,741,6,37237 / 37241 = 0.9998925915,21053 / 37241 = 0.5653177949,21040 / 37241 = 0.5649687173,740 / 741 = 0.9986504723,1 / 741 = 0.0013495277,1 / 741 = 0.0013495277
../data/data_static_indoor_1_r_m.mat,741,7,32983 / 32993 = 0.9996969054,18882 / 32993 = 0.5723032158,18834 / 32993 = 0.5708483618,738 / 741 = 0.995951417,0 / 741 = 0.0,2 / 741 = 0.0026990553
../data/data_static_indoor_1_r_m.mat,741,8,19290 / 19296 = 0.9996890547,10514 / 19296 = 0.5448797678,10323 / 19296 = 0.5349813433,738 / 741 = 0.995951417,4 / 741 = 0.0053981107,2 / 741 = 0.0026990553
../data/data_static_indoor_1_r_m.mat,741,9,18219 / 18225 = 0.9996707819,10085 / 18225 = 0.5533607682,9782 / 18225 = 0.5367352538,739 / 741 = 0.9973009447,6 / 741 = 0.008097166,4 / 741 = 0.0053981107
../data/data_static_indoor_1_r_m.mat,741,10,15568 / 15568 = 1.0,8948 / 15568 = 0.5747687564,8855 / 15568 = 0.568794964,741 / 741 = 1.0,14 / 741 = 0.0188933873,23 / 741 = 0.0310391363
../data/data_static_indoor_1_r_m.mat,741,11,19490 / 19496 = 0.9996922446,10484 / 19496 = 0.5377513336,10475 / 19496 = 0.5372897005,739 / 741 = 0.9973009447,5 / 741 = 0.0067476383,3 / 741 = 0.004048583
../data/data_static_indoor_1_r_m.mat,741,12,15619 / 15619 = 1.0,8885 / 15619 = 0.5688584416,8966 / 15619 = 0.5740444331,741 / 741 = 1.0,19 / 741 = 0.0256410256,19 / 741 = 0.0256410256
../data/data_static_indoor_1_r_m.mat,741,13,19661 / 19669 = 0.9995932686,10502 / 19669 = 0.5339366516,10497 / 19669 = 0.5336824445,738 / 741 = 0.995951417,6 / 741 = 0.008097166,1 / 741 = 0.0013495277
../data/data_static_indoor_1_r_m.mat,741,14,19661 / 19675 = 0.9992884371,10557 / 19675 = 0.5365692503,10615 / 19675 = 0.5395171537,737 / 741 = 0.9946018893,3 / 741 = 0.004048583,6 / 741 = 0.008097166
../data/data_static_indoor_1_r_m.mat,741,15,6770 / 6774 = 0.9994095069,3496 / 6774 = 0.5160909359,3630 / 6774 = 0.5358724535,739 / 741 = 0.9973009447,63 / 741 = 0.0850202429,57 / 741 = 0.0769230769
,,,,,,,,
../data/data_static_indoor_1_r_m.mat,741,4,33093 / 33101 = 0.9997583155,18767 / 33101 = 0.5669617232,18990 / 33101 = 0.5736986798,737 / 741 = 0.9946018893,0 / 741 = 0.0,0 / 741 = 0.0
../data/data_static_indoor_1_r_m.mat,741,5,35477 / 35485 = 0.9997745526,19884 / 35485 = 0.5603494434,20136 / 35485 = 0.5674510356,739 / 741 = 0.9973009447,1 / 741 = 0.0013495277,0 / 741 = 0.0
../data/data_static_indoor_1_r_m.mat,741,6,37724 / 37734 = 0.999734987,21219 / 37734 = 0.5623310542,21184 / 37734 = 0.5614035088,737 / 741 = 0.9946018893,0 / 741 = 0.0,0 / 741 = 0.0
../data/data_static_indoor_1_r_m.mat,741,7,33956 / 33970 = 0.9995878717,19363 / 33970 = 0.5700029438,19522 / 33970 = 0.5746835443,736 / 741 = 0.9932523617,1 / 741 = 0.0013495277,2 / 741 = 0.0026990553
../data/data_static_indoor_1_r_m.mat,741,8,19256 / 19262 = 0.9996885059,10240 / 19262 = 0.5316166546,10492 / 19262 = 0.5446994082,738 / 741 = 0.995951417,0 / 741 = 0.0,3 / 741 = 0.004048583
../data/data_static_indoor_1_r_m.mat,741,9,18410 / 18416 = 0.9996741964,9945 / 18416 = 0.5400195482,10062 / 18416 = 0.5463727194,739 / 741 = 0.9973009447,4 / 741 = 0.0053981107,4 / 741 = 0.0053981107
../data/data_static_indoor_1_r_m.mat,741,10,15513 / 15513 = 1.0,8752 / 15513 = 0.5641719848,8766 / 15513 = 0.5650744537,741 / 741 = 1.0,19 / 741 = 0.0256410256,17 / 741 = 0.0229419703
../data/data_static_indoor_1_r_m.mat,741,11,19720 / 19728 = 0.999594485,10499 / 19728 = 0.5321877534,10586 / 19728 = 0.5365977291,738 / 741 = 0.995951417,3 / 741 = 0.004048583,5 / 741 = 0.0067476383
../data/data_static_indoor_1_r_m.mat,741,12,15696 / 15696 = 1.0,8832 / 15696 = 0.5626911315,9045 / 15696 = 0.5762614679,741 / 741 = 1.0,25 / 741 = 0.0337381916,24 / 741 = 0.032388664
../data/data_static_indoor_1_r_m.mat,741,13,19873 / 19877 = 0.9997987624,10411 / 19877 = 0.5237711928,10872 / 19877 = 0.5469638275,740 / 741 = 0.9986504723,4 / 741 = 0.0053981107,3 / 741 = 0.004048583
../data/data_static_indoor_1_r_m.mat,741,14,20262 / 20270 = 0.9996053281,10727 / 20270 = 0.5292057227,10813 / 20270 = 0.533448446,738 / 741 = 0.995951417,2 / 741 = 0.0026990553,3 / 741 = 0.004048583
../data/data_static_indoor_1_r_m.mat,741,15,6771 / 6773 = 0.9997047099,3473 / 6773 = 0.5127712978,3522 / 6773 = 0.5200059058,740 / 741 = 0.9986504723,52 / 741 = 0.0701754386,59 / 741 = 0.0796221323
,,,,,,,,
../data/data_static_indoor_1_r_m.mat,741,4,37592 / 37674 = 0.9978234326,20847 / 37674 = 0.5533524447,21008 / 37674 = 0.5576259489,710 / 741 = 0.9581646424,1 / 741 = 0.0013495277,1 / 741 = 0.0013495277
../data/data_static_indoor_1_r_m.mat,741,5,40413 / 40614 = 0.9950509676,22507 / 40614 = 0.5541685133,22462 / 40614 = 0.553060521,700 / 741 = 0.9446693657,1 / 741 = 0.0013495277,0 / 741 = 0.0
../data/data_static_indoor_1_r_m.mat,741,6,42588 / 42839 = 0.994140853,23549 / 42839 = 0.549709377,23272 / 42839 = 0.5432433063,675 / 741 = 0.9109311741,0 / 741 = 0.0,0 / 741 = 0.0
../data/data_static_indoor_1_r_m.mat,741,7,41277 / 41587 = 0.9925457475,22706 / 41587 = 0.5459879289,22703 / 41587 = 0.545915791,671 / 741 = 0.9055330634,2 / 741 = 0.0026990553,0 / 741 = 0.0
../data/data_static_indoor_1_r_m.mat,741,8,20882 / 21058 = 0.9916421313,10988 / 21058 = 0.5217969418,10935 / 21058 = 0.5192800836,685 / 741 = 0.9244264507,2 / 741 = 0.0026990553,0 / 741 = 0.0
../data/data_static_indoor_1_r_m.mat,741,9,20019 / 20189 = 0.991579573,10590 / 20189 = 0.524543068,10745 / 20189 = 0.5322205161,694 / 741 = 0.9365721997,5 / 741 = 0.0067476383,0 / 741 = 0.0
../data/data_static_indoor_1_r_m.mat,741,10,18377 / 18562 = 0.9900334016,9893 / 18562 = 0.5329705851,9943 / 18562 = 0.5356642603,682 / 741 = 0.9203778677,13 / 741 = 0.0175438596,9 / 741 = 0.012145749
../data/data_static_indoor_1_r_m.mat,741,11,21045 / 21329 = 0.9866847953,11181 / 21329 = 0.5242158563,11160 / 21329 = 0.5232312814,661 / 741 = 0.8920377868,4 / 741 = 0.0053981107,1 / 741 = 0.0013495277
../data/data_static_indoor_1_r_m.mat,741,12,18703 / 18917 = 0.988687424,10135 / 18917 = 0.5357614844,10217 / 18917 = 0.5400962098,684 / 741 = 0.9230769231,11 / 741 = 0.0148448043,12 / 741 = 0.016194332
../data/data_static_indoor_1_r_m.mat,741,13,20995 / 21329 = 0.9843405692,11078 / 21329 = 0.5193867504,11207 / 21329 = 0.525434854,654 / 741 = 0.8825910931,0 / 741 = 0.0,1 / 741 = 0.0013495277
../data/data_static_indoor_1_r_m.mat,741,14,21192 / 21516 = 0.9849414389,11065 / 21516 = 0.5142684514,11207 / 21516 = 0.5208681911,664 / 741 = 0.8960863698,1 / 741 = 0.0013495277,2 / 741 = 0.0026990553
../data/data_static_indoor_1_r_m.mat,741,15,6934 / 6998 = 0.9908545299,3497 / 6998 = 0.4997142041,3519 / 6998 = 0.5028579594,715 / 741 = 0.9649122807,33 / 741 = 0.044534413,46 / 741 = 0.0620782726
,,,,,,,,
../data/data_static_indoor_1_r_m.mat,741,4,22921 / 22935 = 0.9993895792,13902 / 22935 = 0.606147809,13663 / 22935 = 0.5957270547,738 / 741 = 0.995951417,15 / 741 = 0.020242915,11 / 741 = 0.0148448043
../data/data_static_indoor_1_r_m.mat,741,5,24442 / 24448 = 0.9997545812,14814 / 24448 = 0.6059391361,14547 / 24448 = 0.5950179974,738 / 741 = 0.995951417,12 / 741 = 0.016194332,12 / 741 = 0.016194332
../data/data_static_indoor_1_r_m.mat,741,6,26786 / 26794 = 0.9997014257,15818 / 26794 = 0.5903560499,15728 / 26794 = 0.5869970889,738 / 741 = 0.995951417,6 / 741 = 0.008097166,7 / 741 = 0.0094466937
../data/data_static_indoor_1_r_m.mat,741,7,28124 / 28132 = 0.9997156263,16543 / 28132 = 0.5880491966,16344 / 28132 = 0.5809754017,737 / 741 = 0.9946018893,9 / 741 = 0.012145749,2 / 741 = 0.0026990553
../data/data_static_indoor_1_r_m.mat,741,8,17228 / 17248 = 0.9988404453,9561 / 17248 = 0.5543251391,9381 / 17248 = 0.5438891466,734 / 741 = 0.9905533063,17 / 741 = 0.0229419703,13 / 741 = 0.0175438596
../data/data_static_indoor_1_r_m.mat,741,9,16991 / 17001 = 0.9994117993,9606 / 17001 = 0.5650255867,9609 / 17001 = 0.5652020469,738 / 741 = 0.995951417,19 / 741 = 0.0256410256,18 / 741 = 0.024291498
../data/data_static_indoor_1_r_m.mat,741,10,15640 / 15672 = 0.9979581419,8977 / 15672 = 0.5728050026,8725 / 15672 = 0.5567253701,734 / 741 = 0.9905533063,39 / 741 = 0.0526315789,33 / 741 = 0.044534413
../data/data_static_indoor_1_r_m.mat,741,11,17663 / 17685 = 0.9987560079,9701 / 17685 = 0.5485439638,9487 / 17685 = 0.5364433135,732 / 741 = 0.987854251,8 / 741 = 0.0107962213,12 / 741 = 0.016194332
../data/data_static_indoor_1_r_m.mat,741,12,16133 / 16171 = 0.9976501144,9275 / 16171 = 0.5735576031,9125 / 16171 = 0.5642817389,729 / 741 = 0.983805668,25 / 741 = 0.0337381916,26 / 741 = 0.0350877193
../data/data_static_indoor_1_r_m.mat,741,13,17902 / 17946 = 0.9975482002,9795 / 17946 = 0.5458040789,9624 / 17946 = 0.5362754931,728 / 741 = 0.9824561404,8 / 741 = 0.0107962213,5 / 741 = 0.0067476383
../data/data_static_indoor_1_r_m.mat,741,14,18338 / 18385 = 0.9974435681,10035 / 18385 = 0.5458254011,9900 / 18385 = 0.5384824585,729 / 741 = 0.983805668,5 / 741 = 0.0067476383,11 / 741 = 0.0148448043
../data/data_static_indoor_1_r_m.mat,741,15,6491 / 6513 = 0.9966221403,3496 / 6513 = 0.5367726086,3425 / 6513 = 0.5258713343,733 / 741 = 0.9892037787,84 / 741 = 0.1133603239,78 / 741 = 0.1052631579
,,,,,,,,
../data/data_static_indoor_1_r_m.mat,741,4,30020 / 30036 = 0.9994673059,17352 / 30036 = 0.5777067519,17155 / 30036 = 0.5711479558,737 / 741 = 0.9946018893,8 / 741 = 0.0107962213,8 / 741 = 0.0107962213
../data/data_static_indoor_1_r_m.mat,741,5,32795 / 32829 = 0.9989643303,18397 / 32829 = 0.5603886807,18529 / 32829 = 0.564409516,736 / 741 = 0.9932523617,5 / 741 = 0.0067476383,6 / 741 = 0.008097166
../data/data_static_indoor_1_r_m.mat,741,6,35665 / 35730 = 0.9981808004,19895 / 35730 = 0.5568150014,19878 / 35730 = 0.5563392107,725 / 741 = 0.9784075574,1 / 741 = 0.0013495277,1 / 741 = 0.0013495277
../data/data_static_indoor_1_r_m.mat,741,7,36312 / 36440 = 0.9964873765,20162 / 36440 = 0.5532930845,20154 / 36440 = 0.5530735456,706 / 741 = 0.9527665317,2 / 741 = 0.0026990553,1 / 741 = 0.0013495277
../data/data_static_indoor_1_r_m.mat,741,8,19867 / 19947 = 0.9959893718,10505 / 19947 = 0.5266456109,10621 / 19947 = 0.5324610217,721 / 741 = 0.9730094467,2 / 741 = 0.0026990553,4 / 741 = 0.0053981107
../data/data_static_indoor_1_r_m.mat,741,9,19199 / 19309 = 0.9943031747,10203 / 19309 = 0.5284064426,10253 / 19309 = 0.5309959086,708 / 741 = 0.955465587,2 / 741 = 0.0026990553,6 / 741 = 0.008097166
../data/data_static_indoor_1_r_m.mat,741,10,17681 / 17825 = 0.9919214586,9638 / 17825 = 0.5407012623,9733 / 17825 = 0.5460308555,703 / 741 = 0.9487179487,7 / 741 = 0.0094466937,11 / 741 = 0.0148448043
../data/data_static_indoor_1_r_m.mat,741,11,20411 / 20551 = 0.9931876794,10905 / 20551 = 0.5306311128,10749 / 20551 = 0.5230402414,700 / 741 = 0.9446693657,1 / 741 = 0.0013495277,4 / 741 = 0.0053981107
../data/data_static_indoor_1_r_m.mat,741,12,17719 / 17864 = 0.9918831169,9751 / 17864 = 0.545846395,9803 / 17864 = 0.5487572772,704 / 741 = 0.9500674764,15 / 741 = 0.020242915,10 / 741 = 0.0134952767
../data/data_static_indoor_1_r_m.mat,741,13,20380 / 20602 = 0.9892243472,10672 / 20602 = 0.5180079604,10804 / 20602 = 0.5244151053,686 / 741 = 0.9257759784,2 / 741 = 0.0026990553,4 / 741 = 0.0053981107
../data/data_static_indoor_1_r_m.mat,741,14,20545 / 20782 = 0.9885959003,11012 / 20782 = 0.5298816283,10964 / 20782 = 0.5275719373,682 / 741 = 0.9203778677,8 / 741 = 0.0107962213,4 / 741 = 0.0053981107
../data/data_static_indoor_1_r_m.mat,741,15,6873 / 6943 = 0.9899179029,3512 / 6943 = 0.5058332133,3616 / 6943 = 0.520812329,715 / 741 = 0.9649122807,50 / 741 = 0.0674763833,49 / 741 = 0.0661268556
,,,,,,,,
../data/data_static_indoor_1_r_m.mat,741,4,30452 / 30462 = 0.9996717221,17357 / 30462 = 0.5697918718,17281 / 30462 = 0.5672969601,738 / 741 = 0.995951417,2 / 741 = 0.0026990553,4 / 741 = 0.0053981107
../data/data_static_indoor_1_r_m.mat,741,5,32971 / 32991 = 0.9993937741,18877 / 32991 = 0.5721863539,18698 / 32991 = 0.5667606317,733 / 741 = 0.9892037787,2 / 741 = 0.0026990553,5 / 741 = 0.0067476383
../data/data_static_indoor_1_r_m.mat,741,6,35988 / 36052 = 0.9982247864,20310 / 36052 = 0.5633529346,20146 / 36052 = 0.5588039499,722 / 741 = 0.9743589744,1 / 741 = 0.0013495277,1 / 741 = 0.0013495277
../data/data_static_indoor_1_r_m.mat,741,7,35986 / 36094 = 0.9970078129,19974 / 36094 = 0.5533883748,20008 / 36094 = 0.5543303596,716 / 741 = 0.9662618084,3 / 741 = 0.004048583,4 / 741 = 0.0053981107
../data/data_static_indoor_1_r_m.mat,741,8,19936 / 20042 = 0.9947111067,10648 / 20042 = 0.531284303,10655 / 20042 = 0.5316335695,710 / 741 = 0.9581646424,2 / 741 = 0.0026990553,6 / 741 = 0.008097166
../data/data_static_indoor_1_r_m.mat,741,9,19127 / 19197 = 0.9963535969,10222 / 19197 = 0.5324790332,10158 / 19197 = 0.5291451789,718 / 741 = 0.9689608637,1 / 741 = 0.0013495277,4 / 741 = 0.0053981107
../data/data_static_indoor_1_r_m.mat,741,10,17689 / 17779 = 0.994937848,9662 / 17779 = 0.5434501378,9716 / 17779 = 0.546487429,714 / 741 = 0.963562753,17 / 741 = 0.0229419703,19 / 741 = 0.0256410256
../data/data_static_indoor_1_r_m.mat,741,11,20100 / 20228 = 0.9936721376,10636 / 20228 = 0.5258058137,10660 / 20228 = 0.5269922879,706 / 741 = 0.9527665317,8 / 741 = 0.0107962213,3 / 741 = 0.004048583
../data/data_static_indoor_1_r_m.mat,741,12,17938 / 18131 = 0.9893552479,9792 / 18131 = 0.5400694942,9801 / 18131 = 0.5405658816,689 / 741 = 0.9298245614,14 / 741 = 0.0188933873,14 / 741 = 0.0188933873
../data/data_static_indoor_1_r_m.mat,741,13,20258 / 20410 = 0.9925526703,10758 / 20410 = 0.5270945615,10712 / 20410 = 0.5248407643,695 / 741 = 0.9379217274,4 / 741 = 0.0053981107,4 / 741 = 0.0053981107
../data/data_static_indoor_1_r_m.mat,741,14,20646 / 20902 = 0.9877523682,10885 / 20902 = 0.5207635633,11004 / 20902 = 0.5264567984,679 / 741 = 0.9163292848,2 / 741 = 0.0026990553,2 / 741 = 0.0026990553
../data/data_static_indoor_1_r_m.mat,741,15,6881 / 6945 = 0.9907847372,3512 / 6945 = 0.505687545,3541 / 6945 = 0.5098632109,719 / 741 = 0.9703103914,45 / 741 = 0.0607287449,49 / 741 = 0.0661268556
,,,,,,,,
../data/data_static_indoor_1_r_m.mat,741,4,19386 / 19386 = 1.0,12097 / 19386 = 0.6240070154,12049 / 19386 = 0.6215310018,741 / 741 = 1.0,48 / 741 = 0.0647773279,32 / 741 = 0.0431848853
../data/data_static_indoor_1_r_m.mat,741,5,21419 / 21419 = 1.0,13417 / 21419 = 0.6264064616,13167 / 21419 = 0.6147345814,741 / 741 = 1.0,44 / 741 = 0.0593792173,40 / 741 = 0.0539811066
../data/data_static_indoor_1_r_m.mat,741,6,23719 / 23723 = 0.9998313873,14309 / 23723 = 0.6031699195,14213 / 23723 = 0.5991232138,740 / 741 = 0.9986504723,25 / 741 = 0.0337381916,22 / 741 = 0.0296896086
../data/data_static_indoor_1_r_m.mat,741,7,25799 / 25803 = 0.9998449793,15478 / 25803 = 0.5998527303,15230 / 25803 = 0.5902414448,740 / 741 = 0.9986504723,21 / 741 = 0.028340081,14 / 741 = 0.0188933873
../data/data_static_indoor_1_r_m.mat,741,8,17147 / 17167 = 0.9988349741,9597 / 17167 = 0.5590376886,9457 / 17167 = 0.5508825071,735 / 741 = 0.991902834,29 / 741 = 0.0391363023,21 / 741 = 0.028340081
../data/data_static_indoor_1_r_m.mat,741,9,16956 / 16962 = 0.9996462681,9383 / 16962 = 0.5531776913,9506 / 16962 = 0.5604291947,739 / 741 = 0.9973009447,17 / 741 = 0.0229419703,24 / 741 = 0.032388664
../data/data_static_indoor_1_r_m.mat,741,10,15884 / 15896 = 0.9992450931,8940 / 15896 = 0.5624056366,8954 / 15896 = 0.5632863613,737 / 741 = 0.9946018893,48 / 741 = 0.0647773279,42 / 741 = 0.0566801619
../data/data_static_indoor_1_r_m.mat,741,11,17664 / 17678 = 0.9992080552,9752 / 17678 = 0.5516461138,9584 / 17678 = 0.5421427763,736 / 741 = 0.9932523617,18 / 741 = 0.024291498,17 / 741 = 0.0229419703
../data/data_static_indoor_1_r_m.mat,741,12,16438 / 16458 = 0.9987847855,9290 / 16458 = 0.5644671284,9153 / 16458 = 0.5561429092,737 / 741 = 0.9946018893,38 / 741 = 0.0512820513,27 / 741 = 0.036437247
../data/data_static_indoor_1_r_m.mat,741,13,18395 / 18429 = 0.9981550817,9894 / 18429 = 0.5368712356,9976 / 18429 = 0.5413207445,732 / 741 = 0.987854251,19 / 741 = 0.0256410256,11 / 741 = 0.0148448043
../data/data_static_indoor_1_r_m.mat,741,14,18590 / 18628 = 0.9979600601,10154 / 18628 = 0.5450934078,10003 / 18628 = 0.5369873309,730 / 741 = 0.9851551957,16 / 741 = 0.0215924426,18 / 741 = 0.024291498
../data/data_static_indoor_1_r_m.mat,741,15,6586 / 6614 = 0.9957665558,3552 / 6614 = 0.5370426368,3464 / 6614 = 0.5237375265,728 / 741 = 0.9824561404,89 / 741 = 0.1201079622,81 / 741 = 0.1093117409
,,,,,,,,
../data/data_static_indoor_1_r_m.mat,741,4,16807 / 16807 = 1.0,11008 / 16807 = 0.6549651931,10731 / 16807 = 0.638483965,741 / 741 = 1.0,79 / 741 = 0.1066126856,71 / 741 = 0.0958164642
../data/data_static_indoor_1_r_m.mat,741,5,18730 / 18730 = 1.0,11754 / 18730 = 0.627549386,11856 / 18730 = 0.6329951949,741 / 741 = 1.0,53 / 741 = 0.0715249663,62 / 741 = 0.0836707152
../data/data_static_indoor_1_r_m.mat,741,6,20913 / 20913 = 1.0,12785 / 20913 = 0.6113422273,12741 / 20913 = 0.6092382728,741 / 741 = 1.0,39 / 741 = 0.0526315789,34 / 741 = 0.0458839406
../data/data_static_indoor_1_r_m.mat,741,7,22769 / 22769 = 1.0,13619 / 22769 = 0.598137819,13704 / 22769 = 0.6018709649,741 / 741 = 1.0,27 / 741 = 0.036437247,32 / 741 = 0.0431848853
../data/data_static_indoor_1_r_m.mat,741,8,16009 / 16009 = 1.0,9008 / 16009 = 0.5626834905,8750 / 16009 = 0.5465675557,741 / 741 = 1.0,25 / 741 = 0.0337381916,18 / 741 = 0.024291498
../data/data_static_indoor_1_r_m.mat,741,9,16148 / 16150 = 0.999876161,9039 / 16150 = 0.5596904025,8978 / 16150 = 0.5559133127,740 / 741 = 0.9986504723,34 / 741 = 0.0458839406,32 / 741 = 0.0431848853
../data/data_static_indoor_1_r_m.mat,741,10,15017 / 15029 = 0.9992015437,8602 / 15029 = 0.5723601038,8486 / 15029 = 0.5646416927,739 / 741 = 0.9973009447,44 / 741 = 0.0593792173,47 / 741 = 0.0634278003
../data/data_static_indoor_1_r_m.mat,741,11,16763 / 16779 = 0.9990464271,9354 / 16779 = 0.5574825675,9218 / 16779 = 0.5493771977,735 / 741 = 0.991902834,29 / 741 = 0.0391363023,23 / 741 = 0.0310391363
../data/data_static_indoor_1_r_m.mat,741,12,15579 / 15585 = 0.9996150144,8776 / 15585 = 0.5631055502,8751 / 15585 = 0.5615014437,738 / 741 = 0.995951417,37 / 741 = 0.0499325236,41 / 741 = 0.0553306343
../data/data_static_indoor_1_r_m.mat,741,13,17212 / 17230 = 0.9989553105,9469 / 17230 = 0.5495647127,9388 / 17230 = 0.54486361,737 / 741 = 0.9946018893,23 / 741 = 0.0310391363,26 / 741 = 0.0350877193
../data/data_static_indoor_1_r_m.mat,741,14,17389 / 17433 = 0.9974760512,9555 / 17433 = 0.548098434,9407 / 17433 = 0.5396087879,727 / 741 = 0.9811066127,14 / 741 = 0.0188933873,16 / 741 = 0.0215924426
../data/data_static_indoor_1_r_m.mat,741,15,6385 / 6391 = 0.9990611798,3501 / 6391 = 0.547801596,3408 / 6391 = 0.5332498826,739 / 741 = 0.9973009447,109 / 741 = 0.1470985155,103 / 741 = 0.1390013495
,,,,,,,,
../data/data_static_indoor_1_r_m.mat,741,4,19574 / 19574 = 1.0,12280 / 19574 = 0.6273628282,12373 / 19574 = 0.6321140288,741 / 741 = 1.0,45 / 741 = 0.0607287449,57 / 741 = 0.0769230769
../data/data_static_indoor_1_r_m.mat,741,5,21938 / 21938 = 1.0,13360 / 21938 = 0.6089889689,13416 / 21938 = 0.6115416173,741 / 741 = 1.0,31 / 741 = 0.0418353576,29 / 741 = 0.0391363023
../data/data_static_indoor_1_r_m.mat,741,6,24538 / 24538 = 1.0,14795 / 24538 = 0.6029423751,14820 / 24538 = 0.603961203,741 / 741 = 1.0,29 / 741 = 0.0391363023,23 / 741 = 0.0310391363
../data/data_static_indoor_1_r_m.mat,741,7,25741 / 25743 = 0.999922309,15072 / 25743 = 0.5854795478,15113 / 25743 = 0.5870722138,740 / 741 = 0.9986504723,17 / 741 = 0.0229419703,17 / 741 = 0.0229419703
../data/data_static_indoor_1_r_m.mat,741,8,17089 / 17095 = 0.9996490202,9322 / 17095 = 0.5453056449,9669 / 17095 = 0.5656039778,739 / 741 = 0.9973009447,22 / 741 = 0.0296896086,20 / 741 = 0.0269905533
../data/data_static_indoor_1_r_m.mat,741,9,17061 / 17063 = 0.9998827873,9443 / 17063 = 0.55341968,9243 / 17063 = 0.5416984118,740 / 741 = 0.9986504723,18 / 741 = 0.024291498,16 / 741 = 0.0215924426
../data/data_static_indoor_1_r_m.mat,741,10,15992 / 15996 = 0.9997499375,8890 / 15996 = 0.555763941,8908 / 15996 = 0.5568892223,740 / 741 = 0.9986504723,34 / 741 = 0.0458839406,32 / 741 = 0.0431848853
../data/data_static_indoor_1_r_m.mat,741,11,17851 / 17863 = 0.9993282203,9754 / 17863 = 0.5460448973,9678 / 17863 = 0.5417902928,737 / 741 = 0.9946018893,20 / 741 = 0.0269905533,12 / 741 = 0.016194332
../data/data_static_indoor_1_r_m.mat,741,12,16589 / 16627 = 0.9977145607,9110 / 16627 = 0.5479040115,9254 / 16627 = 0.5565646238,731 / 741 = 0.9865047233,28 / 741 = 0.0377867746,26 / 741 = 0.0350877193
../data/data_static_indoor_1_r_m.mat,741,13,18363 / 18385 = 0.9988033723,10030 / 18385 = 0.5455534403,9928 / 18385 = 0.5400054392,732 / 741 = 0.987854251,17 / 741 = 0.0229419703,11 / 741 = 0.0148448043
../data/data_static_indoor_1_r_m.mat,741,14,18580 / 18655 = 0.9959796301,10309 / 18655 = 0.5526132404,10048 / 18655 = 0.5386223533,721 / 741 = 0.9730094467,13 / 741 = 0.0175438596,16 / 741 = 0.0215924426
../data/data_static_indoor_1_r_m.mat,741,15,6616 / 6632 = 0.9975874548,3607 / 6632 = 0.5438781665,3414 / 6632 = 0.5147768396,734 / 741 = 0.9905533063,89 / 741 = 0.1201079622,73 / 741 = 0.0985155196
,,,,,,,,
../data/data_static_indoor_1_r_m.mat,741,4,24938 / 24938 = 1.0,15059 / 24938 = 0.6038575668,14930 / 24938 = 0.5986847382,741 / 741 = 1.0,17 / 741 = 0.0229419703,7 / 741 = 0.0094466937
../data/data_static_indoor_1_r_m.mat,741,5,26760 / 26766 = 0.999775835,15880 / 26766 = 0.5932899948,15753 / 26766 = 0.5885451692,739 / 741 = 0.9973009447,15 / 741 = 0.020242915,13 / 741 = 0.0175438596
../data/data_static_indoor_1_r_m.mat,741,6,29098 / 29148 = 0.9982846164,16758 / 29148 = 0.5749279539,16840 / 29148 = 0.5777411829,732 / 741 = 0.987854251,11 / 741 = 0.0148448043,7 / 741 = 0.0094466937
../data/data_static_indoor_1_r_m.mat,741,7,30003 / 30041 = 0.9987350621,17402 / 30041 = 0.5792749908,17142 / 30041 = 0.5706201525,731 / 741 = 0.9865047233,4 / 741 = 0.0053981107,4 / 741 = 0.0053981107
../data/data_static_indoor_1_r_m.mat,741,8,18330 / 18348 = 0.9990189666,9953 / 18348 = 0.5424569435,9894 / 18348 = 0.5392413342,735 / 741 = 0.991902834,9 / 741 = 0.012145749,6 / 741 = 0.008097166
../data/data_static_indoor_1_r_m.mat,741,9,17998 / 18034 = 0.9980037707,9878 / 18034 = 0.5477431518,9857 / 18034 = 0.5465786847,730 / 741 = 0.9851551957,11 / 741 = 0.0148448043,10 / 741 = 0.0134952767
../data/data_static_indoor_1_r_m.mat,741,10,16524 / 16550 = 0.998429003,9141 / 16550 = 0.552326284,9094 / 16550 = 0.5494864048,732 / 741 = 0.987854251,28 / 741 = 0.0377867746,24 / 741 = 0.032388664
../data/data_static_indoor_1_r_m.mat,741,11,18805 / 18871 = 0.9965025701,10006 / 18871 = 0.5302315723,10120 / 18871 = 0.5362725876,719 / 741 = 0.9703103914,8 / 741 = 0.0107962213,9 / 741 = 0.012145749
../data/data_static_indoor_1_r_m.mat,741,12,16887 / 16952 = 0.9961656442,9369 / 16952 = 0.5526781501,9298 / 16952 = 0.5484898537,724 / 741 = 0.9770580297,23 / 741 = 0.0310391363,18 / 741 = 0.024291498
../data/data_static_indoor_1_r_m.mat,741,13,19209 / 19284 = 0.9961107654,10146 / 19284 = 0.5261356565,10204 / 19284 = 0.5291433313,718 / 741 = 0.9689608637,8 / 741 = 0.0107962213,7 / 741 = 0.0094466937
../data/data_static_indoor_1_r_m.mat,741,14,19231 / 19303 = 0.9962700098,10404 / 19303 = 0.5389835777,10427 / 19303 = 0.5401751023,720 / 741 = 0.971659919,10 / 741 = 0.0134952767,8 / 741 = 0.0107962213
../data/data_static_indoor_1_r_m.mat,741,15,6683 / 6715 = 0.9952345495,3367 / 6715 = 0.5014147431,3485 / 6715 = 0.5189873418,728 / 741 = 0.9824561404,55 / 741 = 0.0742240216,62 / 741 = 0.0836707152
,,,,,,,,
../data/data_static_indoor_1_r_m.mat,741,4,6260 / 6260 = 1.0,5250 / 6260 = 0.838658147,5201 / 6260 = 0.8308306709,741 / 741 = 1.0,433 / 741 = 0.5843454791,426 / 741 = 0.5748987854
../data/data_static_indoor_1_r_m.mat,741,5,6786 / 6786 = 1.0,5652 / 6786 = 0.8328912467,5643 / 6786 = 0.8315649867,741 / 741 = 1.0,425 / 741 = 0.5735492578,424 / 741 = 0.5721997301
../data/data_static_indoor_1_r_m.mat,741,6,6937 / 6937 = 1.0,5670 / 6937 = 0.8173562059,5596 / 6937 = 0.8066887704,741 / 741 = 1.0,415 / 741 = 0.5600539811,411 / 741 = 0.5546558704
../data/data_static_indoor_1_r_m.mat,741,7,7125 / 7125 = 1.0,5694 / 7125 = 0.7991578947,5745 / 7125 = 0.8063157895,741 / 741 = 1.0,408 / 741 = 0.5506072874,422 / 741 = 0.5695006748
../data/data_static_indoor_1_r_m.mat,741,8,5900 / 5900 = 1.0,4327 / 5900 = 0.7333898305,4287 / 5900 = 0.7266101695,741 / 741 = 1.0,347 / 741 = 0.4682860999,343 / 741 = 0.4628879892
../data/data_static_indoor_1_r_m.mat,741,9,6155 / 6155 = 1.0,4476 / 6155 = 0.7272136474,4376 / 6155 = 0.7109666937,741 / 741 = 1.0,371 / 741 = 0.5006747638,344 / 741 = 0.4642375169
../data/data_static_indoor_1_r_m.mat,741,10,6460 / 6460 = 1.0,4539 / 6460 = 0.7026315789,4546 / 6460 = 0.7037151703,741 / 741 = 1.0,341 / 741 = 0.4601889339,324 / 741 = 0.4372469636
../data/data_static_indoor_1_r_m.mat,741,11,6588 / 6588 = 1.0,4631 / 6588 = 0.702944748,4572 / 6588 = 0.693989071,741 / 741 = 1.0,329 / 741 = 0.4439946019,335 / 741 = 0.4520917679
../data/data_static_indoor_1_r_m.mat,741,12,6788 / 6788 = 1.0,4739 / 6788 = 0.6981437831,4739 / 6788 = 0.6981437831,740 / 740 = 1.0,323 / 740 = 0.4364864865,329 / 740 = 0.4445945946
../data/data_static_indoor_1_r_m.mat,741,13,6741 / 6741 = 1.0,4700 / 6741 = 0.6972259309,4700 / 6741 = 0.6972259309,740 / 740 = 1.0,338 / 740 = 0.4567567568,339 / 740 = 0.4581081081
../data/data_static_indoor_1_r_m.mat,741,14,7396 / 7396 = 1.0,5067 / 7396 = 0.6851000541,4990 / 7396 = 0.6746890211,740 / 740 = 1.0,299 / 740 = 0.4040540541,299 / 740 = 0.4040540541
../data/data_static_indoor_1_r_m.mat,741,15,4447 / 4447 = 1.0,2845 / 4447 = 0.6397571396,2747 / 4447 = 0.6177198111,741 / 741 = 1.0,292 / 741 = 0.3940620783,274 / 741 = 0.3697705803

../data/data_static_indoor_1_r_m.mat,741,4,6348 / 6348 = 1.0,5244 / 6348 = 0.8260869565,5300 / 6348 = 0.8349086326,741 / 741 = 1.0,419 / 741 = 0.5654520918,444 / 741 = 0.5991902834
../data/data_static_indoor_1_r_m.mat,741,5,6712 / 6712 = 1.0,5501 / 6712 = 0.8195768772,5552 / 6712 = 0.8271752086,741 / 741 = 1.0,408 / 741 = 0.5506072874,414 / 741 = 0.5587044534
../data/data_static_indoor_1_r_m.mat,741,6,7124 / 7124 = 1.0,5783 / 7124 = 0.8117630545,5819 / 7124 = 0.8168163953,741 / 741 = 1.0,409 / 741 = 0.5519568151,415 / 741 = 0.5600539811
../data/data_static_indoor_1_r_m.mat,741,7,7342 / 7342 = 1.0,5793 / 7342 = 0.7890220648,5818 / 7342 = 0.7924271316,741 / 741 = 1.0,401 / 741 = 0.5411605938,410 / 741 = 0.5533063428
../data/data_static_indoor_1_r_m.mat,741,8,5826 / 5826 = 1.0,4292 / 5826 = 0.7366975627,4229 / 5826 = 0.7258839684,740 / 740 = 1.0,358 / 740 = 0.4837837838,352 / 740 = 0.4756756757
../data/data_static_indoor_1_r_m.mat,741,9,6180 / 6180 = 1.0,4398 / 6180 = 0.7116504854,4441 / 6180 = 0.7186084142,741 / 741 = 1.0,335 / 741 = 0.4520917679,347 / 741 = 0.4682860999
../data/data_static_indoor_1_r_m.mat,741,10,6472 / 6472 = 1.0,4563 / 6472 = 0.7050370828,4589 / 6472 = 0.7090543881,739 / 739 = 1.0,343 / 739 = 0.4641407307,329 / 739 = 0.4451962111
../data/data_static_indoor_1_r_m.mat,741,11,6561 / 6561 = 1.0,4652 / 6561 = 0.7090382564,4640 / 6561 = 0.7072092669,741 / 741 = 1.0,354 / 741 = 0.4777327935,352 / 741 = 0.4750337382
../data/data_static_indoor_1_r_m.mat,741,12,6691 / 6691 = 1.0,4663 / 6691 = 0.696906292,4689 / 6691 = 0.7007921088,740 / 740 = 1.0,341 / 740 = 0.4608108108,343 / 740 = 0.4635135135
../data/data_static_indoor_1_r_m.mat,741,13,6816 / 6816 = 1.0,4770 / 6816 = 0.6998239437,4789 / 6816 = 0.7026115023,741 / 741 = 1.0,338 / 741 = 0.4561403509,352 / 741 = 0.4750337382
../data/data_static_indoor_1_r_m.mat,741,14,7368 / 7368 = 1.0,4890 / 7368 = 0.6636807818,5037 / 7368 = 0.6836319218,741 / 741 = 1.0,300 / 741 = 0.4048582996,299 / 741 = 0.4035087719
../data/data_static_indoor_1_r_m.mat,741,15,4459 / 4459 = 1.0,2697 / 4459 = 0.6048441355,2749 / 4459 = 0.616505943,740 / 740 = 1.0,267 / 740 = 0.3608108108,252 / 740 = 0.3405405405
